repository	tag	version	size_bytes	size_human	amd64_digest	loaded_bytes
datasense/datasense	0c579488240e543a8670057d01985195	null	5817415348	5.4 GiB	sha256:2ed8357829633ffb94b9a36b040f8b2a5e11c31050f8b333964060c8c67d4b7a	8162540863349210792
ollama/ollama	latest	0.33.1	3383237334	3.2 GiB	sha256:317a9773ab450c6aa5c51797d12548ff39129abbaea64debc16f8f1b564027b7	570747198719292360
runmymind/docker-android-sdk	latest	null	3311662847	3.1 GiB	sha256:f3b5fccf439d719aae091a2165199081fc22891f1593097a98abbe69618536d5	185856503148404529
jupyter/all-spark-notebook	latest	null	2150171723	2.0 GiB	sha256:9f84a5eb9e7454e7a440a5487d5eb1e8c8c8da452f0bb03d441bec5e06781f16	161647175116708344
bugswarm/artifacts	dnanexus-dx-toolkit-104692324	null	2071945945	1.9 GiB	sha256:7dca705d2a2c50a9e65ba4713e78a2843728fdc3a9221d98c7e5ae02b186c666	343069755524777070
jetbrains/youtrack	2026.2.18687	2026.2.18687	2033042919	1.9 GiB	sha256:451d86e076b5f494d1b423cd5bb572248f86355414ce0251d486aed6bfc21291	151461248163014901
neondatabase/neon	latest	8464	1882172622	1.8 GiB	sha256:ead56a7b33925ca4df9f1ee0d29f55fa25e165a3fee6a4f19055050c68e8cad0	307313131429135524
jetbrains/teamcity-server	latest	2026.1.3	1880258835	1.8 GiB	sha256:e62c922b94edbef8536bb0d514a193a38bd480fd3855fdac7a649e0a5f8a550a	150581138004837540
splunk/splunk	latest	10.4.2	1827641949	1.7 GiB	sha256:f97629abda2ad188ff1448a085db9a7cebe15cefdec7d78aa9366b7f8cc145f0	170017710035570229
pksrelengci/ci-runner	1.6.x	1.6.x	1520172852	1.4 GiB	sha256:199fb945ef5d4fcf7f74bf5e2bb27bc4cc7e4647bec4624d31a84fe0eb263ee6	163343260065529104
gitlab/gitlab-ce	latest	19.3.1-ce.0	1448796905	1.3 GiB	sha256:b431dcb56dbc1387182717c75fd8b581c2cbb09062cc6290098bbafd85343573	560241726687067965
haxqer/jira	latest	9.12.1	1399501613	1.3 GiB	sha256:d973c5346d61b20302ee2e7709b219119214e9c438f82433482c7fda9f795d0b	146475171029920553
onlyoffice/documentserver	latest	9.4.0.1	1399067062	1.3 GiB	sha256:e231bc62da8c1f0c1f78188f8c7e17e67716f38955d0ad1d703cf911ad6db84b	141489658242226908
cimg/python	3.10-browsers	3.10.21-browsers	1326450727	1.2 GiB	sha256:535903d57399f85032e20da26c1602f6a514a591de83468195c2ab2880985d52	561146335577962141
google/cloud-sdk	latest	582.0.0	1265949693	1.2 GiB	sha256:2e480d7977829f1534665da1fffd98170f5345d0a6322b369b0fe08a932ce574	577020456204107859
cimg/ruby	3.3-browsers	3.3.12-browsers	1262264648	1.2 GiB	sha256:0f7f4770acef81d233e722cb8053bf61906a68ab176ef0e04aa084893d3cffc6	516590367872842736
browserless/chrome	latest	null	1245399867	1.2 GiB	sha256:3678a24595187a3916dc45b800c4fe962832b581227bbef193ae6f0ec5fbc14d	218604697414946442
sysdig/agent	latest	14.7.4	1158182467	1.1 GiB	sha256:65d9d3619001fae1911967fd61b0229a06015eb98d99f422573f41275c0d9b28	423773115853841650
circleci/ruby	2.6-node-browsers-legacy	2.6.9	1145946567	1.1 GiB	sha256:dc61725164a057896c26232a02f5b7233fd3d1bb355eed3e18214229fd62cdea	427858213610592045
opensearchproject/opensearch	latest	3.8.0	1136671079	1.1 GiB	sha256:39a8f8c63028e8b5d6b70539af1d0339b15a6729002dd5b3f4a65f520376fd30	228151517542604449
datadog/synthetics-private-location-worker	latest	1.72.0	1120137454	1.0 GiB	sha256:0ba2b24f1517f41f7b69b7c4aeebf87c3f6eabcb8475dcceea60bbe14ab93c76	151121674481466086
circleci/node	erbium-bullseye-browsers-legacy	17.2.0	1114560148	1.0 GiB	sha256:7206b2027364339d68bbbc6b53e07f4d9beb95a2cf7ccc644380f768777c85c5	552740256521647584
library/sonarqube	latest	26.8.0.126808-community	1082973542	1.0 GiB	sha256:4152a10d90904b97a29e82c964f7eba0c6d587ca118a0320e7dfdaf5d1a99760	1323108846282454000
cypress/browsers	latest	24.20.0	994996803	948.9 MiB	sha256:92e755e09652cd2ddebf1debae2c22bfcea51ccb3129bfd1b10ae888b7f617d6	196903671468607719
selenium/standalone-chrome	latest	null	992681462	946.7 MiB	sha256:ebb94938d57c4930ef119a91b9d8707a7b8d935a8ef1b7298dff4af7c773717b	517253577169672012
selenium/node-chrome	latest	null	992677948	946.7 MiB	sha256:bcc72fbe38ab66eb617c498ceafe8d01af2caf24de6b461b3ba68655d422f9c0	303125422726544712
rancher/rancher	latest	v2.15.1	949611610	905.6 MiB	sha256:f42f2d6aea92052379ea63c362a19ce9ae4f226dfb20f57d0d25aa4b40051b38	301732495924091770
library/elasticsearch	9.5.2	9.5.2	894588654	853.1 MiB	sha256:f4826179c3a80de9fc2b521b009aeff6246bc00ea1f367b8e28f12e0f51261e7	872023895997313098
cimg/postgres	14.24-postgis	14.24-postgis	870197920	829.9 MiB	sha256:936e9b28a83c36dc6d2519196bd15383e0bfa45db5b6bac8f9297963d277fce9	680829499420917600
metabase/metabase	latest	v0.63.15.3	778902342	742.8 MiB	sha256:e41b227bcc1906f3c962305167a9f72871aee5a81672d9980d257feeaefb7520	209741150350431726
cimg/node	current-browsers	26.8.1-browsers	712351996	679.4 MiB	sha256:71d10dd384c0186072b5c584082e0302a61a44739f08f3a448007de43f24c846	589027237059757372
jellyfin/jellyfin	latest	10.11.11	689724831	657.8 MiB	sha256:0b901391a662862eddb5dc55d244d7883cbb6236ef5b9a6ea82abc78a89819f0	282940425842126073
apache/airflow	latest	3.3.1	661083949	630.5 MiB	sha256:af1321ab341da38145d0520f50e4c15bf22ede3ae81d983f97444d2f28caf94c	1080701211720539434
homeassistant/home-assistant	latest	2026.8.3	655630573	625.3 MiB	sha256:8e9751cb66d3ba6624f5360a7d31b0c6821f7f5b3fb8ba0d10d58f0f481c540c	514941703604540368
grafana/grafana-image-renderer	latest	v5.12.2	587879275	560.6 MiB	sha256:6106e82bfbdc2ca5c9bd32bf8640d9e2c1c80a9be7915c7ae22ace889ce1d252	527599938342994975
rook/ceph	master	v1.20.0.852.g0707c2506	560777965	534.8 MiB	sha256:7c01c942727474e1be60cf8ea4cb619ebb3948c50e473c4ecfca641fece69669	185099998638557365
library/nextcloud	latest	34.0.3	552502828	526.9 MiB	sha256:8d98337e5c7d6fdbc3aa750871e4019abba9a47f6b93d838b1e6f4073e3466f3	566244680548027312
grafana/grafana	latest	13.2.0	474088374	452.1 MiB	sha256:95a8098fb092130e111b0264a9be4d3a2bd5405e5dba88d4b8f1f630b389614e	2516353885010252502
library/solr	latest	10.0.0	468239083	446.5 MiB	sha256:1e5257b777bbfe975b248491e393d3db18432c85083ccc1f288c06147a335ff4	166586839196287822
localstack/localstack	latest	2026.8.0	453003050	432.0 MiB	sha256:0704b41c06bb7e65725e1e12cad563525fc912f2c184d80d1f735a8fc6248f19	245969137641447650
renovate/renovate	latest	44.50.0	444477736	423.9 MiB	sha256:8613c444c6a5267fb35e33debea98f1b70760e9b3acc7530ff1bb224a38b4de6	646284417176803928
library/node	latest	26.8.1	443273684	422.7 MiB	sha256:3779eb08da9114e6957b0c42a84a9471167c47e0d5fdb73ea8e8559a26789556	3042103956509586948
cimg/base	current	2026.08	437335535	417.1 MiB	sha256:48a9fb47711372a749d4b1c5f4083b467e61f0a496f8b9a89d8511877634e96d	167661276383376685
linuxserver/nextcloud	latest	34.0.3	433632641	413.5 MiB	sha256:6ad7c8697d68fa9f462f8814f4b81888bfede13848241506f6689798679416bb	140946546059087314
library/ruby	latest	4.0.6	428922274	409.1 MiB	sha256:7b9a0d9e150467fa9e5eb35ba6dd751d07c7a4d0b4a96726c30e99d4d524bc22	672786699856836070
library/python	latest	3.14.7	414967043	395.7 MiB	sha256:779838536f5a0d42d150edbf59fcb08af24fd21b3dd6af7f308dbadcbb6ff3cc	3789918448182602001
dynatrace/dynatrace-codemodules	1.339-fips	1.339.81.20260828-085750-fips	393711051	375.5 MiB	sha256:96c0501c6085caff1de32b4686c286b6f11fa4a364e1ce0f0e406ddc20a006dd	240062113263827472
pinetwork/pi-node-docker	mainnet-relay-v1.0-p27.1.0	null	366656912	349.7 MiB	sha256:a99ecf0f3318bb3f4bdf128192fd5f29b8d9240023fb9350491593ea3b6290f8	615903893980849872
itzg/minecraft-server	latest	null	352474758	336.1 MiB	sha256:956fb2dca5330874dda3a4911e9827ee9857af3c6302e98a3a0ed52156b505b5	151844338699376940
cathive/concourse-sonarqube-resource	latest	v0.15.0	339906269	324.2 MiB	sha256:43782dbb1d2670a7f38d2451382009dfe104a2421ee43490563f57fa6148b214	158864434489260227
library/mongo	latest	8.2.12	336700841	321.1 MiB	sha256:41afd6e1183f57e4e4d03ab733070671fca8553da2b36f15d6e3fc9760494d17	1629647811204316750
apache/superset	latest	null	326574758	311.4 MiB	sha256:1a6413b6733d6608e69fbf378201de0b0cbd505bac99ad3987d0fde5803ddadd	197256705929460758
netdata/netdata	latest	null	320795551	305.9 MiB	sha256:7043214a8cd3f985648aba11fba56ddaf01404595bc62af3e1510fea897f1178	167741082719070226
library/golang	latest	1.27.0	316156544	301.5 MiB	sha256:eef6a67266eeed3c86dd47fd01b32faa8bf0229eb83eb3d4d466e80391bd3820	836560171825883648
datadog/agent	latest	7.82.3	283360337	270.2 MiB	sha256:00fe77d6f4e3572444de5d72676e8160ff4aa876d35f6c23b48bd1796cee57d8	3191352008704609399
bitnami/mongodb	latest	null	274765613	262.0 MiB	sha256:efde7d80c104bf46941d65b1147630660000fa84247805dec18223297ab24ba4	476927980871000418
library/wordpress	latest	7.1.0	274695616	262.0 MiB	sha256:49801e46d08eb27ea68ed62e205bb35b1bb2dc962251bf2292a7d374f9637cee	407968858433959680
library/mysql	latest	26.7.0	272333489	259.7 MiB	sha256:973c5e8e4d2f12ecc3da9ca9d8d4189b6a7e3d17584c66fca6dae6993c0417ed	1389642321497859474
jenkins/jenkins	latest	2.579	242424378	231.2 MiB	sha256:741cb208a3d164576525a3b21e12830f587f9d01789d7eb46b43d35d716ff4aa	1208352339043394958
newrelic/infrastructure-k8s	latest	null	223150431	212.8 MiB	sha256:e18615286aaecba2bb5e1df831e98c31f83edae3444deb63362e8e8f81f5b10a	175413503914846470
newrelic/infrastructure-bundle	latest	null	209314168	199.6 MiB	sha256:46e2942a1765015f159362814ef5ceeab2dc305be09c00d6edcf8c1079f1f497	740778508136103136
envoyproxy/envoy	tools-dev-0260c653ae6084a2118c8e4fb9eba84529df22f0	null	195746075	186.7 MiB	sha256:1d14b7ddfaa7692c618c297077d1f581fe4997399d2e696c9a36d3fd3626b5f7	1124738649585639375
library/php	latest	8.5.9	189278787	180.5 MiB	sha256:163579b783d544b72bc40ada710b7e57ecd2a7f14decb69df4ba243936b9783f	254562702314771073
linuxserver/plex	latest	1.43.3	187423765	178.7 MiB	sha256:94b8e5dc1797cd54d64da5a8df8b3391d698309185fecdc5e63deff5c95988dd	170163786406617570
plexinc/pms-docker	latest	1.43.3.10896-cb3ebc72d	164779813	157.1 MiB	sha256:c708587e4874617961a1bc24db9cffa2413653ff422f1b05dfec013339e6824d	149634103182434706
library/postgres	latest	18.6	162433831	154.9 MiB	sha256:7341002d2b8c7c5bdd7542a671a95b36196c0b5b888daf454ae4fc33ba5346d7	1841019871422196087
seabreeze/azure-mesh-counter	0.5-alpine	0.5-alpine	151054092	144.1 MiB	sha256:3b7c1d9ff871407b773a0f6e84226a85b36dc6a58abf5133c6380bf4da7edbd3	177224228695463292
rancher/rancher-agent	head	v2.16-e44525721bf9036439755ff535f84f4525f91e7c-head	148987989	142.1 MiB	sha256:cafe7acc2d580fb7d296478ab227ab1498b947013e506e822f5ec051d4a0a314	534843067163766174
library/docker	latest	29.7.2	144702884	138.0 MiB	sha256:ab772b0eaf0b01e5843f6574e50ccdfc34a7bdcb82bbf2decafde54a0ee884a9	516715275657839240
amazon/aws-cli	latest	2.36.33	139977625	133.5 MiB	sha256:b80c4299fccaaff92a45a6a1cda38d5daad68b828f22590a46b1bc6ef88e6628	210440284157045000
amazon/aws-for-fluent-bit	latest	2.34.3.20260818	137477880	131.1 MiB	sha256:f1253b0d8357430dc7aa4474d0f2af0b2e3098a5199f2d3bcc36f22f6b7d5fcb	505418310895564800
bitnami/postgresql	latest	null	127234014	121.3 MiB	sha256:dbeb7eb6a7ee82747096fa236dbcbd0051cc90cf0d7eed127e539e5ce7ffde70	479076112542288822
library/rabbitmq	latest	4.3.5	116235818	110.9 MiB	sha256:5c9c5cfe34aa5c56a871f4b19aefeee688ea73021c05972db91ac800e94d2bd0	448510358955562298
gitlab/gitlab-runner	latest	null	111916303	106.7 MiB	sha256:74b206418b4fc11b8161db5c261509e8db7ebd99ac6771cc2f0cff15a206cf68	407837447125747848
prom/prometheus	latest	v3.14.0	109359907	104.3 MiB	sha256:e906cef998316bbe319f98711e1b4d8613ad37e14b08ff831d7036e77b7464f9	219176511360823165
library/mariadb	latest	12.3.3	105412226	100.5 MiB	sha256:ebfd70b7d9681eae911fa3f11b1e5b76b19e316ddd6cc9fc699f86dc881d0b30	334041108561443174
kope/protokube	1.4.2	1.4.2	98918904	94.3 MiB	sha256:e207c9fc9de306a3fb799499ff384df8d5a067c6450a237eaf90fa8bc028d0ee	212352300849847536
fluxcd/flux	1.25.4	1.25.4	98027313	93.5 MiB	sha256:c18e0c96fbb510fffa27ca0fb2561c2124e74f975a8a826d1f33cd4c82552db1	190912096103267538
linuxserver/radarr	latest	6.3.0	93038147	88.7 MiB	sha256:aafefadc432ef62018bd2d7773f47f11e384c478d0e3ce8c7b16a8cdad865c32	220239701174231362
istio/proxyv2	1.31.0-rc.4-debug	1.31.0-rc.4	92668832	88.4 MiB	sha256:29f684ee83177cb64243044cc462a4894b0729d73159d787bffbff49f59ff136	1151389919773246336
linuxserver/sonarr	latest	4.0.19	87039809	83.0 MiB	sha256:6b06eac65225627173c12f049d8b5c55c588cdb0b3faa667553559cbb51e1474	204390260729260223
portainer/portainer	latest	null	86795383	82.8 MiB	sha256:7ae2aafda93b883b44eeb44d2631814d053634fb5b9b6bc0a635d2a2b8a3967c	258471451790944449
amazon/aws-efs-csi-driver	master	null	80487546	76.8 MiB	sha256:b58e398b284ac547864a8aa534d0f9810bb702ee8ae3c573c29e17093d25c433	101456224022743242
bitnami/kubectl	latest	null	78796743	75.1 MiB	sha256:7865d8837f59afc558b717c9d5a80d03992368eeea3c809c49c19a4e1502aebd	422303880151949802
grafana/promtail	latest	3.6.8	67292103	64.2 MiB	sha256:238d8562dc29ec83d2f5933c7fd6e9469a90ea316a04f160dcc7cf842910ca94	189930535067005842
timberio/vector	nightly-distroless-libc	null	66587482	63.5 MiB	sha256:291b3cedc20fc8c4af0e4f2c0ee402d59474312bf945a124c0108acb03170417	273882695431646678
library/nginx	latest	1.31.4	63327223	60.4 MiB	sha256:90c24d7f26b915f11b1f8e621ead4706b7e933de986498120310a876bf30dc1f	842699781197398233
library/redis	latest	8.10.1	55437546	52.9 MiB	sha256:76961cd2a0f40ef6fdd334b6b1b3a76a2bad1848d89f3030ca30a7521d4a9493	620091259690447578
library/traefik	latest	3.7	55064525	52.5 MiB	sha256:7523e37d0694ff940ee9cefe2184c5869dd0c0db7d6c5ee78254f7d985deecc6	194980648303253000
fluent/fluent-bit	latest	5.1.1	50672637	48.3 MiB	sha256:2fb23ef9decb3038299e721a4d7fe6d9fc5e6f1a81887d47b00f14c9e129dd1c	791214237758585727
bitnami/redis	latest	null	49646004	47.3 MiB	sha256:28196f444e949a072ce0e33e420a412a4f44ff48833493ad68f7138777b8cbe6	165972157135862436
grafana/loki	latest	3.7.7	47891727	45.7 MiB	sha256:550d599ec4efacd8ebc0a5871766855057cba2bd0c669c0711d898c00d6d901f	229082341399022592
openpolicyagent/gatekeeper	v3.23.1	v3.23.1	47756462	45.5 MiB	sha256:989b6950e220290f5439a8a338526f330fed2d3f086a11410df733ebbbca8b31	152001713721635336
library/httpd	latest	2.4.68	45254671	43.2 MiB	sha256:570743f3adc135cc48a0b10c4ee893dc9c948ea1d1e59550fa8f8af6e35048be	214222573828700822
library/ubuntu	latest	null	41569596	39.6 MiB	sha256:889d056d5c6c0bfb55789ff3710681d68e50713cb562d2196dc07110599c7a6f	416934205735943628
istio/pilot	1.31.0-rc.4-distroless	1.31.0-rc.4-distroless	33966306	32.4 MiB	sha256:22513f9f42b70ce67652c7172193f8a80ef88fd2abc04062b681fe2c69cd9b7c	408810797066524050
library/memcached	latest	1.6.45	32216756	30.7 MiB	sha256:57f76c8133336936ad246cae500f07d07b3bf149485f005b515016bdd455be8b	429212543189208064
istio/operator	1.23.6-distroless	1.23.6-distroless	29505825	28.1 MiB	sha256:51bf74472a41dac3cbe5a004b58baebed3a1083a6fb071882a27559e9a910b65	181899034053884550
stakater/reloader	merge-1198-ubi	null	15956739	15.2 MiB	sha256:e84a895ece23301f3a37c833494688bffe0ca7ac5d863c1481a37cffa3f7689b	386390307755950866
seabreeze/sbz-helloworld	1.1-alpine	1.1-alpine	7889631	7.5 MiB	sha256:7128117b707d2645ef4a05b3f26d37ecf400e32ce97f0ff9a6c6b120409777b6	25050417960634710
